{
  "item-states": [
    {
      "folded": false,
      "id": "mount-assets"
    },
    {
      "folded": false,
      "id": "ec85df7a-ba3f-43ad-b113-6531782b16fa"
    },
    {
      "folded": false,
      "id": "5e2c8d3b-b989-4dca-8957-ecea4cadcb9f"
    },
    {
      "folded": false,
      "id": "d3608bff-d5c8-40ce-98fb-8b3bec897a8d"
    },
    {
      "folded": false,
      "id": "bce79b62-af4f-4f5a-8170-e2dfc8e29405"
    },
    {
      "folded": false,
      "id": "1b79fb18-939e-4b4d-beb1-91098791e5ff"
    },
    {
      "folded": true,
      "id": "b4f19f91-911a-40bf-ba86-42bb6b234f51"
    },
    {
      "folded": true,
      "id": "1d0d3c52-dfb3-46a5-9a2d-bee5b03e7699"
    },
    {
      "folded": true,
      "id": "b2b645a1-6567-4ede-8dbf-9f23f17e71a6"
    },
    {
      "folded": true,
      "id": "e85b75f7-5ed8-411c-a7dc-e90beb8e8d9c"
    },
    {
      "folded": true,
      "id": "389fa802-a581-4e04-9859-926d704bdbcf"
    },
    {
      "folded": true,
      "id": "8d050ddc-4b83-4908-9ec4-188faf149780"
    },
    {
      "folded": true,
      "id": "7804d2c3-2f18-44bf-be37-33a2a9f7a435"
    },
    {
      "folded": false,
      "id": "4b31a752-4a70-440d-ba3c-e142dad95464"
    },
    {
      "folded": true,
      "id": "d2a99490-1373-4626-8077-ad84d3b08893"
    },
    {
      "folded": true,
      "id": "0b71568c-66fc-4895-a99c-d0745ee35323"
    },
    {
      "folded": true,
      "id": "d9c2c148-058c-4e8b-ba76-afb51004e2cf"
    },
    {
      "folded": true,
      "id": "69cf88df-9e6d-4f54-9f82-e93d691abd67"
    },
    {
      "folded": true,
      "id": "ca5fa726-eb90-44a2-b7b0-85bdc500fc4e"
    },
    {
      "folded": true,
      "id": "37389ca5-267b-4b32-b300-baab6a8c529f"
    },
    {
      "folded": true,
      "id": "7760cc5f-31d0-48b2-b7c6-ce47e877be67"
    },
    {
      "folded": true,
      "id": "f9015869-eb7c-442f-9bb7-11bcd9153830"
    }
  ]
}