{
  "version": "1.1.1",
  "windows": {
    "main": {
      "main": true,
      "url": "app://editor/index.html",
      "windowType": "dockable",
      "x": 299,
      "y": 23,
      "width": 1920,
      "height": 977,
      "layout": {
        "children": [
          {
            "children": [
              {
                "active": 0,
                "children": [
                  "hierarchy"
                ],
                "height": 423,
                "type": "panel",
                "width": 300
              },
              {
                "active": 0,
                "children": [
                  "assets"
                ],
                "height": 460,
                "type": "panel",
                "width": 300
              }
            ],
            "height": 886,
            "type": "dock-v",
            "width": 300
          },
          {
            "children": [
              {
                "children": [
                  {
                    "active": 0,
                    "children": [
                      "scene"
                    ],
                    "height": 282,
                    "type": "panel",
                    "width": 961
                  },
                  {
                    "active": 0,
                    "children": [
                      "node-library"
                    ],
                    "height": 282,
                    "type": "panel",
                    "width": 252
                  }
                ],
                "height": 282,
                "type": "dock-h",
                "width": 1216
              },
              {
                "active": 0,
                "children": [
                  "console",
                  "timeline"
                ],
                "height": 601,
                "type": "panel",
                "width": 1216
              }
            ],
            "height": 886,
            "type": "dock-v",
            "width": 1216
          },
          {
            "active": 0,
            "children": [
              "inspector"
            ],
            "height": 886,
            "type": "panel",
            "width": 392
          }
        ],
        "type": "dock-h"
      },
      "panels": [
        "node-library",
        "console",
        "inspector",
        "hierarchy",
        "assets",
        "scene",
        "timeline"
      ]
    }
  },
  "panels": {
    "sprite-editor": {
      "x": 710,
      "y": 227,
      "width": 500,
      "height": 522
    }
  }
}