{
  "__type__": "cc.AnimationClip",
  "_name": "move",
  "_objFlags": 0,
  "_native": "",
  "_duration": 1.9833333333333334,
  "sample": 60,
  "speed": 1,
  "wrapMode": 1,
  "curveData": {
    "comps": {
      "cc.Sprite": {
        "spriteFrame": [
          {
            "frame": 0,
            "value": {
              "__uuid__": "15b8121d-0458-4151-a895-ead1b35626b1"
            }
          },
          {
            "frame": 0.18333333333333332,
            "value": {
              "__uuid__": "add6f118-a3b6-4ab9-a2b1-df1b9faee539"
            }
          },
          {
            "frame": 0.35,
            "value": {
              "__uuid__": "2e005bdb-2ad2-4f84-9df8-20a34e9a661c"
            }
          },
          {
            "frame": 0.5166666666666667,
            "value": {
              "__uuid__": "45c18458-6331-40bb-87a9-cf25df02bf98"
            }
          },
          {
            "frame": 0.8,
            "value": {
              "__uuid__": "703369c0-5317-4344-a91c-18fc8882fa76"
            }
          },
          {
            "frame": 1.15,
            "value": {
              "__uuid__": "d7cefcf7-cfc5-480b-b8db-b9885e5e022d"
            }
          },
          {
            "frame": 1.5166666666666666,
            "value": {
              "__uuid__": "ddaaabad-63e0-49b2-8677-fd77791cfb5e"
            }
          },
          {
            "frame": 1.9666666666666666,
            "value": {
              "__uuid__": "dad86619-be55-48d1-af65-ecc9c6bd5776"
            }
          }
        ]
      }
    },
    "props": {
      "x": [
        {
          "frame": 0,
          "value": 97.075
        },
        {
          "frame": 1.0666666666666667,
          "value": 574.687
        },
        {
          "frame": 1.9666666666666666,
          "value": 621.685
        }
      ],
      "scale": [
        {
          "frame": 0,
          "value": {
            "__type__": "cc.Vec2",
            "x": 1,
            "y": 1
          }
        },
        {
          "frame": 0.3,
          "value": {
            "__type__": "cc.Vec2",
            "x": 1.5,
            "y": 1.5
          }
        },
        {
          "frame": 0.55,
          "value": {
            "__type__": "cc.Vec2",
            "x": 1.5,
            "y": 1.5
          }
        },
        {
          "frame": 0.9166666666666666,
          "value": {
            "__type__": "cc.Vec2",
            "x": 1,
            "y": 1
          }
        },
        {
          "frame": 1.6333333333333333,
          "value": {
            "__type__": "cc.Vec2",
            "x": 1,
            "y": 1
          }
        },
        {
          "frame": 1.8166666666666667,
          "value": {
            "__type__": "cc.Vec2",
            "x": 1.553,
            "y": 1.553
          }
        },
        {
          "frame": 1.9666666666666666,
          "value": {
            "__type__": "cc.Vec2",
            "x": 1,
            "y": 1
          }
        }
      ]
    }
  },
  "events": []
}