{
	"pages": [ //pages数组中第一项表示应用启动页，参考：https://uniapp.dcloud.io/collocation/pages
		{"path": "pages/dashboard/dashboard"},
		{"path": "pages/action-sheet/action-sheet","style":{"navigationBarTitleText":"ActionSheet 上拉菜单"}},
		// {"path": "pages/badge/badge","style":{"navigationBarTitleText":"Badge 徽章"}},
		{"path": "pages/button/button","style":{"navigationBarTitleText":"Button 按钮"}},
		{"path": "pages/card/card","style":{"navigationBarTitleText":"Card 商品卡片"}},
		{"path": "pages/cell/cell","style":{"navigationBarTitleText":"Cell 单元格"}},
		{"path": "pages/col/col","style":{"navigationBarTitleText":"Layout 布局"}},
		{"path": "pages/dialog/dialog","style":{"navigationBarTitleText":"dialog"}},
		{"path": "pages/field/field","style":{"navigationBarTitleText":"Field 输入框"}},
		{"path": "pages/icon/icon","style":{"navigationBarTitleText":"icon"}},
		{"path": "pages/loading/loading","style":{"navigationBarTitleText":"loading"}},
		{"path": "pages/nav-bar/nav-bar","style":{"navigationBarTitleText":"nav-bar"}},
		{"path": "pages/notice-bar/notice-bar","style":{"navigationBarTitleText":"notice-bar"}},
		{"path": "pages/notify/notify","style":{"navigationBarTitleText":"notify"}},
		{"path": "pages/panel/panel","style":{"navigationBarTitleText":"panel"}},
		{"path": "pages/popup/popup","style":{"navigationBarTitleText":"popup"}},
		{"path": "pages/progress/progress","style":{"navigationBarTitleText":"progress"}},
		{"path": "pages/stepper/stepper","style":{"navigationBarTitleText":"stepper"}},
		{"path": "pages/steps/steps","style":{"navigationBarTitleText":"steps"}},
		{"path": "pages/switch/switch","style":{"navigationBarTitleText":"switch"}},
		// {"path": "pages/switch-cell/switch-cell","style":{"navigationBarTitleText":"SwitchCell 开关单元格"}},
		{"path": "pages/search/search","style":{"navigationBarTitleText":"search"}},
		{"path": "pages/slider/slider","style":{"navigationBarTitleText":"slider"}},
		{"path": "pages/tab/tab","style":{"navigationBarTitleText":"tab"}},
		{"path": "pages/tabbar/tabbar","style":{"navigationBarTitleText":"tabbar"}},
		{"path": "pages/tag/tag","style":{"navigationBarTitleText":"tag"}},
		{"path": "pages/toast/toast","style":{"navigationBarTitleText":"toast"}},
		{"path": "pages/transition/transition","style":{"navigationBarTitleText":"transition 动画"}},
		{"path": "pages/tree-select/tree-select","style":{"navigationBarTitleText":"TreeSelect 分类选择"}},
		{"path": "pages/area/area","style":{"navigationBarTitleText":"Area 省市区选择"}},
		{"path": "pages/submit-bar/submit-bar","style":{"navigationBarTitleText":"SubmitBar 提交订单栏"}},
		{"path": "pages/radio/radio","style":{"navigationBarTitleText":"radio"}},
		{"path": "pages/checkbox/checkbox","style":{"navigationBarTitleText":"checkbox"}},
		{"path": "pages/goods-action/goods-action","style":{"navigationBarTitleText":"GoodsAction 商品导航"}},
		{"path": "pages/swipe-cell/swipe-cell","style":{"navigationBarTitleText":"SwipeCell 滑动单元格"}},
		{"path": "pages/datetime-picker/datetime-picker","style":{"navigationBarTitleText":"DatetimePicker 时间选择"}},
		{"path": "pages/rate/rate","style":{"navigationBarTitleText":"Rate 评分"}},
		{"path": "pages/collapse/collapse","style":{"navigationBarTitleText":"collapse折叠面板"}},
		{"path": "pages/picker/picker","style":{"navigationBarTitleText":"Picker 选择器"}}
	],
	"globalStyle": {
		"navigationBarTitleText": "Vant For Uni-app",
		"navigationBarBackgroundColor": "#f8f8f8",
		"navigationBarTextStyle": "black",
		"backgroundTextStyle": "dark",
		"backgroundColor": "#f8f8f8",
		"usingComponents": { //这里为方便，全局引入了所有组件，也可以在某个page下单独引用某个组件
			"demo-block": "/wxcomponents/vant/demo-block/index",
			"van-action-sheet": "/wxcomponents/vant/action-sheet/index",
			"van-area": "/wxcomponents/vant/area/index",
			// "van-badge": "/wxcomponents/vant/badge/index",
			// "van-badge-group": "/wxcomponents/vant/badge-group/index",
			"van-button": "/wxcomponents/vant/button/index",
			"van-card": "/wxcomponents/vant/card/index",
			"van-cell": "/wxcomponents/vant/cell/index",
			"van-cell-group": "/wxcomponents/vant/cell-group/index",
			"van-checkbox": "/wxcomponents/vant/checkbox/index",
			"van-checkbox-group": "/wxcomponents/vant/checkbox-group/index",
			"van-col": "/wxcomponents/vant/col/index",
			"van-dialog": "/wxcomponents/vant/dialog/index",
			"van-field": "/wxcomponents/vant/field/index",
			"van-goods-action": "/wxcomponents/vant/goods-action/index",
			"van-goods-action-icon": "/wxcomponents/vant/goods-action-icon/index",
			"van-goods-action-button": "/wxcomponents/vant/goods-action-button/index",
			"van-icon": "/wxcomponents/vant/icon/index",
			"van-loading": "/wxcomponents/vant/loading/index",
			"van-nav-bar": "/wxcomponents/vant/nav-bar/index",
			"van-notice-bar": "/wxcomponents/vant/notice-bar/index",
			"van-notify": "/wxcomponents/vant/notify/index",
			"van-panel": "/wxcomponents/vant/panel/index",
			"van-popup": "/wxcomponents/vant/popup/index",
			"van-progress": "/wxcomponents/vant/progress/index",
			"van-radio": "/wxcomponents/vant/radio/index",
			"van-radio-group": "/wxcomponents/vant/radio-group/index",
			"van-row": "/wxcomponents/vant/row/index",
			"van-search": "/wxcomponents/vant/search/index",
			"van-slider": "/wxcomponents/vant/slider/index",
			"van-stepper": "/wxcomponents/vant/stepper/index",
			"van-steps": "/wxcomponents/vant/steps/index",
			"van-submit-bar": "/wxcomponents/vant/submit-bar/index",
			"van-swipe-cell": "/wxcomponents/vant/swipe-cell/index",
			"van-switch": "/wxcomponents/vant/switch/index",
			// "van-switch-cell": "/wxcomponents/vant/switch-cell/index",
			"van-tab": "/wxcomponents/vant/tab/index",
			"van-tabs": "/wxcomponents/vant/tabs/index",
			"van-tabbar": "/wxcomponents/vant/tabbar/index",
			"van-tabbar-item": "/wxcomponents/vant/tabbar-item/index",
			"van-tag": "/wxcomponents/vant/tag/index",
			"van-toast": "/wxcomponents/vant/toast/index",
			"van-transition": "/wxcomponents/vant/transition/index",
			"van-tree-select": "/wxcomponents/vant/tree-select/index",
			"van-datetime-picker": "/wxcomponents/vant/datetime-picker/index",
			"van-rate": "/wxcomponents/vant/rate/index",
			"van-collapse": "/wxcomponents/vant/collapse/index",
			"van-collapse-item": "/wxcomponents/vant/collapse-item/index",
			"van-picker": "/wxcomponents/vant/picker/index"
		}
	}
}