{
  "f8e6b000-5643-4b86-9080-aa680ce1f599": {
    "asset": 1583208939000,
    "meta": 1583208939000,
    "relativePath": "image"
  },
  "fc09f9bd-2cce-4605-b630-8145ef809ed6": {
    "asset": 1583208939000,
    "meta": 1583208939000,
    "relativePath": "misc"
  },
  "2be36297-9abb-4fee-8049-9ed5e271da8a": {
    "asset": 1583208939000,
    "meta": 1632366044390,
    "relativePath": "misc/default_video.mp4"
  },
  "f6e6dd15-71d1-4ffe-ace7-24fd39942c05": {
    "asset": 1583208939000,
    "meta": 1583208939000,
    "relativePath": "obsolete"
  },
  "b8223619-7e38-47c4-841f-9160c232495a": {
    "asset": 1583208939000,
    "meta": 1632366044641,
    "relativePath": "obsolete/atom.plist"
  },
  "f743d2b6-b7ea-4c14-a55b-547ed4d0a045": {
    "asset": 1583208939000,
    "meta": 1583208939000,
    "relativePath": "particle"
  },
  "b2687ac4-099e-403c-a192-ff477686f4f5": {
    "asset": 1583208939000,
    "meta": 1632366044641,
    "relativePath": "particle/atom.plist"
  },
  "ae6c6c98-11e4-452f-8758-75f5c6a56e83": {
    "asset": 1583208939000,
    "meta": 1583208939000,
    "relativePath": "prefab"
  },
  "d3608bff-d5c8-40ce-98fb-8b3bec897a8d": {
    "asset": 1632898720100,
    "meta": 1535511805000,
    "relativePath": "resources"
  },
  "ec85df7a-ba3f-43ad-b113-6531782b16fa": {
    "asset": 1535511805000,
    "meta": 1535511805000,
    "relativePath": "scenes"
  },
  "5e2c8d3b-b989-4dca-8957-ecea4cadcb9f": {
    "asset": 1634005791670,
    "meta": 1535511805000,
    "relativePath": "scripts"
  },
  "ce440995-596c-4b12-83ed-d2c595749ff8": {
    "asset": 1633959236355,
    "meta": 1633959236363,
    "relativePath": "scenes/game_scene.fire"
  },
  "4011edc4-897a-44a2-93a2-1d2249b37855": {
    "asset": 1535511805000,
    "meta": 1630588556114,
    "relativePath": "resources/pieces.plist"
  },
  "94b576b9-dc29-475b-8d47-ca4309d5406e": {
    "asset": 1535511805000,
    "meta": 1630588555923,
    "relativePath": "resources/pieces.png"
  },
  "3c067a0d-d462-42b8-9b66-f50282bc225d": {
    "asset": 1535511805000,
    "meta": 1630588555929,
    "relativePath": "resources/board.png"
  },
  "71561142-4c83-4933-afca-cb7a17f67053": {
    "asset": 1583208939000,
    "meta": 1632366044303,
    "relativePath": "image/default_btn_disabled.png"
  },
  "e851e89b-faa2-4484-bea6-5c01dd9f06e2": {
    "asset": 1583208939000,
    "meta": 1632366044304,
    "relativePath": "image/default_btn_normal.png"
  },
  "b43ff3c2-02bb-4874-81f7-f2dea6970f18": {
    "asset": 1583208939000,
    "meta": 1632366044313,
    "relativePath": "image/default_btn_pressed.png"
  },
  "d81ec8ad-247c-4e62-aa3c-d35c4193c7af": {
    "asset": 1583208939000,
    "meta": 1632366044320,
    "relativePath": "image/default_panel.png"
  },
  "99170b0b-d210-46f1-b213-7d9e3f23098a": {
    "asset": 1583208939000,
    "meta": 1632366044321,
    "relativePath": "image/default_progressbar_bg.png"
  },
  "cfef78f1-c8df-49b7-8ed0-4c953ace2621": {
    "asset": 1583208939000,
    "meta": 1632366044329,
    "relativePath": "image/default_progressbar.png"
  },
  "567dcd80-8bf4-4535-8a5a-313f1caf078a": {
    "asset": 1583208939000,
    "meta": 1632366044330,
    "relativePath": "image/default_radio_button_off.png"
  },
  "9d60001f-b5f4-4726-a629-2659e3ded0b8": {
    "asset": 1583208939000,
    "meta": 1632366044338,
    "relativePath": "image/default_radio_button_on.png"
  },
  "4bab67cb-18e6-4099-b840-355f0473f890": {
    "asset": 1583208939000,
    "meta": 1632366044338,
    "relativePath": "image/default_scrollbar_bg.png"
  },
  "617323dd-11f4-4dd3-8eec-0caf6b3b45b9": {
    "asset": 1583208939000,
    "meta": 1632366044348,
    "relativePath": "image/default_scrollbar_vertical_bg.png"
  },
  "d6d3ca85-4681-47c1-b5dd-d036a9d39ea2": {
    "asset": 1583208939000,
    "meta": 1632366044347,
    "relativePath": "image/default_scrollbar_vertical.png"
  },
  "0291c134-b3da-4098-b7b5-e397edbe947f": {
    "asset": 1583208939000,
    "meta": 1632366044355,
    "relativePath": "image/default_scrollbar.png"
  },
  "0275e94c-56a7-410f-bd1a-fc7483f7d14a": {
    "asset": 1583208939000,
    "meta": 1632366044354,
    "relativePath": "image/default_sprite_splash.png"
  },
  "6e056173-d285-473c-b206-40a7fff5386e": {
    "asset": 1583208939000,
    "meta": 1632366044365,
    "relativePath": "image/default_sprite.png"
  },
  "73a0903d-d80e-4e3c-aa67-f999543c08f5": {
    "asset": 1583208939000,
    "meta": 1632366044366,
    "relativePath": "image/default_toggle_checkmark.png"
  },
  "c25b9d50-c8fc-4d27-beeb-6e7c1f2e5c0f": {
    "asset": 1583208939000,
    "meta": 1632366044376,
    "relativePath": "image/default_toggle_disabled.png"
  },
  "d29077ba-1627-4a72-9579-7b56a235340c": {
    "asset": 1583208939000,
    "meta": 1632366044377,
    "relativePath": "image/default_toggle_normal.png"
  },
  "972b9a4d-47ee-4c74-b5c3-61d8a69bc29f": {
    "asset": 1583208939000,
    "meta": 1632366044435,
    "relativePath": "prefab/button.prefab"
  },
  "2c937608-2562-40ea-b264-7395df6f0cea": {
    "asset": 1583208939000,
    "meta": 1632366044436,
    "relativePath": "prefab/canvas.prefab"
  },
  "61aeb05b-3b32-452b-8eed-2b76deeed554": {
    "asset": 1583208939000,
    "meta": 1632366044438,
    "relativePath": "prefab/editbox.prefab"
  },
  "27756ebb-3d33-44b0-9b96-e858fadd4dd4": {
    "asset": 1583208939000,
    "meta": 1632366044439,
    "relativePath": "prefab/label.prefab"
  },
  "785a442c-3ceb-45be-a46e-7317f625f3b9": {
    "asset": 1583208939000,
    "meta": 1632366044440,
    "relativePath": "prefab/layout.prefab"
  },
  "ca8401fe-ad6e-41a8-bd46-8e3e4e9945be": {
    "asset": 1583208939000,
    "meta": 1632366044449,
    "relativePath": "prefab/pageview.prefab"
  },
  "cd33edea-55f5-46c2-958d-357a01384a36": {
    "asset": 1583208939000,
    "meta": 1632366044450,
    "relativePath": "prefab/particlesystem.prefab"
  },
  "5965ffac-69da-4b55-bcde-9225d0613c28": {
    "asset": 1583208939000,
    "meta": 1632366044451,
    "relativePath": "prefab/progressBar.prefab"
  },
  "4a37dd57-78cd-4cec-aad4-f11a73d12b63": {
    "asset": 1583208939000,
    "meta": 1632366044452,
    "relativePath": "prefab/richtext.prefab"
  },
  "32044bd2-481f-4cf1-a656-e2b2fb1594eb": {
    "asset": 1583208939000,
    "meta": 1632366044460,
    "relativePath": "prefab/scrollview.prefab"
  },
  "b181c1e4-0a72-4a91-bfb0-ae6f36ca60bd": {
    "asset": 1583208939000,
    "meta": 1632366044384,
    "relativePath": "image/default_toggle_pressed.png"
  },
  "0004d1cf-a0ad-47d8-ab17-34d3db9d35a3": {
    "asset": 1583208939000,
    "meta": 1632366044461,
    "relativePath": "prefab/slider.prefab"
  },
  "1f55e3be-b89b-4b79-88de-47fd31018044": {
    "asset": 1583208939000,
    "meta": 1632366044471,
    "relativePath": "prefab/sprite_splash.prefab"
  },
  "96083d03-c332-4a3f-9386-d03e2d19e8ee": {
    "asset": 1583208939000,
    "meta": 1632366044473,
    "relativePath": "prefab/sprite.prefab"
  },
  "7de03a80-4457-438d-95a7-3e7cdffd6086": {
    "asset": 1583208939000,
    "meta": 1632366044479,
    "relativePath": "prefab/tiledmap.prefab"
  },
  "0d784963-d024-4ea6-a7db-03be0ad63010": {
    "asset": 1583208939000,
    "meta": 1632366044494,
    "relativePath": "prefab/toggle.prefab"
  },
  "bf0a434c-84dd-4a8e-a08a-7a36f180cc75": {
    "asset": 1583208939000,
    "meta": 1632366044496,
    "relativePath": "prefab/toggleContainer.prefab"
  },
  "d1b8be49-b0a0-435c-83b7-552bed4bbe35": {
    "asset": 1583208939000,
    "meta": 1632366044499,
    "relativePath": "prefab/toggleGroup.prefab"
  },
  "232d2782-c4bd-4bb4-9e01-909f03d6d3b9": {
    "asset": 1583208939000,
    "meta": 1632366044500,
    "relativePath": "prefab/videoplayer.prefab"
  },
  "8c5001fd-07ee-4a4b-a8a0-63e15195e94d": {
    "asset": 1583208939000,
    "meta": 1632366044515,
    "relativePath": "prefab/webview.prefab"
  },
  "61a565d7-c793-45ab-9a52-271b301bffd6": {
    "asset": 1630588555893,
    "meta": 1630588555893,
    "relativePath": "resources/piece.prefab"
  },
  "9836134e-b892-4283-b6b2-78b5acf3ed45": {
    "asset": 1583208939000,
    "meta": 1583208939000,
    "relativePath": "effects"
  },
  "430eccbf-bf2c-4e6e-8c0c-884bbb487f32": {
    "asset": 1583208939000,
    "meta": 1632366044174,
    "relativePath": "effects/__builtin-editor-gizmo-line.effect"
  },
  "6c5cf6e1-b044-4eac-9431-835644d57381": {
    "asset": 1583208939000,
    "meta": 1632366044183,
    "relativePath": "effects/__builtin-editor-gizmo-unlit.effect"
  },
  "115286d1-2e10-49ee-aab4-341583f607e8": {
    "asset": 1583208939000,
    "meta": 1632366044206,
    "relativePath": "effects/__builtin-editor-gizmo.effect"
  },
  "abc2cb62-7852-4525-a90d-d474487b88f2": {
    "asset": 1583208939000,
    "meta": 1632366044254,
    "relativePath": "effects/builtin-phong.effect"
  },
  "e2f00085-c597-422d-9759-52c360279106": {
    "asset": 1583208939000,
    "meta": 1632366044288,
    "relativePath": "effects/builtin-toon.effect"
  },
  "edd215b9-2796-4a05-aaf5-81f96c9281ce": {
    "asset": 1583208939000,
    "meta": 1632366044313,
    "relativePath": "image/default_editbox_bg.png"
  },
  "5c3eedba-6c41-4c0c-9ba7-d91f813cbd1c": {
    "asset": 1583208939000,
    "meta": 1583208939000,
    "relativePath": "materials"
  },
  "c4480a0a-6ac5-443f-8b40-361a14257fc8": {
    "asset": 1630555797528,
    "meta": 1632366044632,
    "relativePath": "materials/builtin-phong.mtl"
  },
  "db019bf7-f71c-4111-98cf-918ea180cb48": {
    "asset": 1583208939000,
    "meta": 1583208939000,
    "relativePath": "model"
  },
  "e39e96e6-6f6e-413f-bcf1-ac7679bb648a": {
    "asset": 1583208939000,
    "meta": 1583208939000,
    "relativePath": "model/prefab"
  },
  "a87cc147-01b2-43f8-8e42-a7ca90b0c757": {
    "asset": 1583208939000,
    "meta": 1632366044393,
    "relativePath": "model/prefab/box.prefab"
  },
  "fe1417b6-fe6b-46a4-ae7c-9fd331f33a2a": {
    "asset": 1583208939000,
    "meta": 1632366044394,
    "relativePath": "model/prefab/capsule.prefab"
  },
  "b5fc2cf2-7942-483d-be1f-bbeadc4714ad": {
    "asset": 1583208939000,
    "meta": 1632366044396,
    "relativePath": "model/prefab/cone.prefab"
  },
  "1c5e4038-953a-44c2-b620-0bbfc6170477": {
    "asset": 1583208939000,
    "meta": 1632366044397,
    "relativePath": "model/prefab/cylinder.prefab"
  },
  "3f376125-a699-40ca-ad05-04d662eaa1f2": {
    "asset": 1583208939000,
    "meta": 1632366044398,
    "relativePath": "model/prefab/plane.prefab"
  },
  "600301aa-3357-4a10-b086-84f011fa32ba": {
    "asset": 1583208939000,
    "meta": 1632366044403,
    "relativePath": "image/default-particle.png"
  },
  "6c9ef10d-b479-420b-bfe6-39cdda6a8ae0": {
    "asset": 1583208939000,
    "meta": 1632366044400,
    "relativePath": "model/prefab/quad.prefab"
  },
  "2d9a4b85-b0ab-4c46-84c5-18f393ab2058": {
    "asset": 1583208939000,
    "meta": 1632366044401,
    "relativePath": "model/prefab/sphere.prefab"
  },
  "de510076-056b-484f-b94c-83bef217d0e1": {
    "asset": 1583208939000,
    "meta": 1632366044413,
    "relativePath": "model/prefab/torus.prefab"
  },
  "8a96b965-2dc0-4e03-aa90-3b79cb93b5b4": {
    "asset": 1583208939000,
    "meta": 1632366044421,
    "relativePath": "obsolete/atom.png"
  },
  "d0a82d39-bede-46c4-b698-c81ff0dedfff": {
    "asset": 1583208939000,
    "meta": 1632366044428,
    "relativePath": "particle/atom.png"
  },
  "897ef7a1-4860-4f64-968d-f5924b18668a": {
    "asset": 1583208939000,
    "meta": 1632366044430,
    "relativePath": "prefab/2d-camera.prefab"
  },
  "70d7cdb0-04cd-41bb-9480-c06a4785f386": {
    "asset": 1583208939000,
    "meta": 1632366044430,
    "relativePath": "prefab/3d-camera.prefab"
  },
  "70bbeb73-6dc2-4ee4-8faf-76b3a0e34ec4": {
    "asset": 1583208939000,
    "meta": 1632366044433,
    "relativePath": "prefab/3d-particle.prefab"
  },
  "ed88f13d-fcad-4848-aa35-65a2cb973584": {
    "asset": 1583208939000,
    "meta": 1632366044434,
    "relativePath": "prefab/3d-stage.prefab"
  },
  "a3ee0214-b432-4865-9666-4a3211814282": {
    "asset": 1583208939000,
    "meta": 1583208939000,
    "relativePath": "prefab/light"
  },
  "61906da3-7003-4bda-9abc-5769c76faee4": {
    "asset": 1583208939000,
    "meta": 1632366044441,
    "relativePath": "prefab/light/ambient.prefab"
  },
  "ddb99b39-7004-47cd-9705-751905c43c46": {
    "asset": 1583208939000,
    "meta": 1632366044442,
    "relativePath": "prefab/light/directional.prefab"
  },
  "0cf30284-9073-46bc-9eba-e62b69dbbff3": {
    "asset": 1583208939000,
    "meta": 1632366044443,
    "relativePath": "prefab/light/point.prefab"
  },
  "f5331fd2-bf42-4ee3-a3fd-3e1657600eff": {
    "asset": 1583208939000,
    "meta": 1632366044445,
    "relativePath": "prefab/light/spot.prefab"
  },
  "0e42ba95-1fa1-46aa-b2cf-143cd1bcee2c": {
    "asset": 1583208939000,
    "meta": 1632366044492,
    "relativePath": "prefab/tiledtile.prefab"
  },
  "d8afc78c-4eac-4a9f-83dd-67bc70344d33": {
    "asset": 1583208939000,
    "meta": 1583208939000,
    "relativePath": "resources"
  },
  "294c1663-4adf-4a1e-a795-53808011a38a": {
    "asset": 1583208939000,
    "meta": 1583208939000,
    "relativePath": "resources/effects"
  },
  "144c3297-af63-49e8-b8ef-1cfa29b3be28": {
    "asset": 1583208939000,
    "meta": 1632366044509,
    "relativePath": "resources/effects/builtin-2d-gray-sprite.effect"
  },
  "0e93aeaa-0b53-4e40-b8e0-6268b4e07bd7": {
    "asset": 1583208939000,
    "meta": 1632366044515,
    "relativePath": "resources/effects/builtin-2d-spine.effect"
  },
  "2874f8dd-416c-4440-81b7-555975426e93": {
    "asset": 1583208939000,
    "meta": 1632366044521,
    "relativePath": "resources/effects/builtin-2d-sprite.effect"
  },
  "829a282c-b049-4019-bd38-5ace8d8a6417": {
    "asset": 1583208939000,
    "meta": 1632366044587,
    "relativePath": "resources/effects/builtin-3d-particle.effect"
  },
  "2a7c0036-e0b3-4fe1-8998-89a54b8a2bec": {
    "asset": 1583208939000,
    "meta": 1632366044603,
    "relativePath": "resources/effects/builtin-3d-trail.effect"
  },
  "c0040c95-c57f-49cd-9cbc-12316b73d0d4": {
    "asset": 1583208939000,
    "meta": 1632366044606,
    "relativePath": "resources/effects/builtin-clear-stencil.effect"
  },
  "6d91e591-4ce0-465c-809f-610ec95019c6": {
    "asset": 1583208939000,
    "meta": 1632366044617,
    "relativePath": "resources/effects/builtin-unlit.effect"
  },
  "bbee2217-c261-49bd-a8ce-708d6bcc3500": {
    "asset": 1583208939000,
    "meta": 1583208939000,
    "relativePath": "resources/materials"
  },
  "3a7bb79f-32fd-422e-ada2-96f518fed422": {
    "asset": 1630555797558,
    "meta": 1632366044658,
    "relativePath": "resources/materials/builtin-2d-gray-sprite.mtl"
  },
  "6f801092-0c37-4f30-89ef-c8d960825b36": {
    "asset": 1630555797557,
    "meta": 1632366044658,
    "relativePath": "resources/materials/builtin-2d-base.mtl"
  },
  "7afd064b-113f-480e-b793-8817d19f63c3": {
    "asset": 1630555797559,
    "meta": 1632366044659,
    "relativePath": "resources/materials/builtin-2d-spine.mtl"
  },
  "eca5d2f2-8ef6-41c2-bbe6-f9c79d09c432": {
    "asset": 1630555797560,
    "meta": 1632366044659,
    "relativePath": "resources/materials/builtin-2d-sprite.mtl"
  },
  "432fa09c-cf03-4cff-a186-982604408a07": {
    "asset": 1583208939000,
    "meta": 1632366044659,
    "relativePath": "resources/materials/builtin-3d-particle.mtl"
  },
  "466d4f9b-e5f4-4ea8-85d5-3c6e9a65658a": {
    "asset": 1583208939000,
    "meta": 1632366044660,
    "relativePath": "resources/materials/builtin-3d-trail.mtl"
  },
  "cf7e0bb8-a81c-44a9-ad79-d28d43991032": {
    "asset": 1630555797562,
    "meta": 1632366044660,
    "relativePath": "resources/materials/builtin-clear-stencil.mtl"
  },
  "2a296057-247c-4a1c-bbeb-0548b6c98650": {
    "asset": 1630555797562,
    "meta": 1632366044660,
    "relativePath": "resources/materials/builtin-unlit.mtl"
  },
  "954fec8b-cd16-4bb9-a3b7-7719660e7558": {
    "asset": 1583208939000,
    "meta": 1632366045949,
    "relativePath": "model/primitives.fbx"
  },
  "b8bc8f66-9eeb-4762-bb82-3fbb5e00e52c": {
    "asset": 1630588555832,
    "meta": 1630588555832,
    "relativePath": "migration"
  },
  "038b20c5-634c-4d61-ba1f-4f80daf07f86": {
    "asset": 1630588553796,
    "meta": 1630588555886,
    "relativePath": "migration/use_v2.0.x_cc.Toggle_event.js"
  },
  "b094ed7d-58f9-4425-b1e1-66ad12725999": {
    "asset": 1630981627192,
    "meta": 1630981956708,
    "relativePath": "scripts/Stone.js"
  },
  "ecb0dd3e-a9bb-4a1f-95ba-7dd1a52f170a": {
    "asset": 1631692067103,
    "meta": 1631692067150,
    "relativePath": "resources/dot.png"
  },
  "dfe9b86e-4f78-44ad-8f4d-a4da84259b99": {
    "asset": 1631692158099,
    "meta": 1631692158100,
    "relativePath": "resources/dot.prefab"
  },
  "a92e4c50-f8f2-4a29-a2a1-8c7cb34d0797": {
    "asset": 1631779304273,
    "meta": 1631779340245,
    "relativePath": "resources/box.png"
  },
  "ac036810-5491-4f3e-a465-c16a3461f215": {
    "asset": 1631779358846,
    "meta": 1631779358847,
    "relativePath": "resources/box.prefab"
  },
  "182e3c3d-4d80-47ec-b1eb-621f54dc0bf3": {
    "asset": 1631852561255,
    "meta": 1631852561294,
    "relativePath": "resources/eat.prefab"
  },
  "877d715b-3cc4-437d-b4e4-2e28c1bdc9fa": {
    "asset": 1631954917056,
    "meta": 1631954917058,
    "relativePath": "resources/kill.prefab"
  },
  "4c113002-19e6-4524-8869-eb8913d17e5a": {
    "asset": 1632455340325,
    "meta": 1632455341763,
    "relativePath": "scripts/MoveRule.js"
  },
  "b0665a7a-2c0c-4aff-b4c7-2f7d32a8288f": {
    "asset": 1632456102353,
    "meta": 1632456226610,
    "relativePath": "scripts/MoveHistory.js"
  },
  "729e602f-5832-4bfe-8f7a-a1fbcee38449": {
    "asset": 1632623719466,
    "meta": 1632623720597,
    "relativePath": "scripts/Constant.js"
  },
  "efb26b87-00da-4d68-a8c7-d9e2c3cae5b5": {
    "asset": 1632624093074,
    "meta": 1632624215354,
    "relativePath": "scripts/Request.js"
  },
  "b9c82902-e4d6-4fdb-b442-a2437e9adb4f": {
    "asset": 1632898696273,
    "meta": 1632898720102,
    "relativePath": "resources/gameOver.prefab"
  },
  "6e4b1e56-6ff8-413c-9562-14a25abd7049": {
    "asset": 1633925703212,
    "meta": 1633925703255,
    "relativePath": "move.anim"
  },
  "9e8c0c2c-e344-4e8f-a31d-63c2057f5f1a": {
    "asset": 1633936564139,
    "meta": 1633936594089,
    "relativePath": "scripts/StoneAnimControl.js"
  },
  "1c68429a-4cd2-4780-9afb-fb47b411bd0c": {
    "asset": 1634005791670,
    "meta": 1634005795300,
    "relativePath": "scripts/GameBoard.js"
  }
}