{
  "version": "1.1.1",
  "windows": {
    "main": {
      "main": true,
      "url": "app://editor/index.html",
      "windowType": "dockable",
      "x": 251,
      "y": 338,
      "width": 1418,
      "height": 918,
      "layout": {
        "children": [
          {
            "children": [
              {
                "active": 0,
                "children": [
                  "hierarchy"
                ],
                "height": 397,
                "type": "panel",
                "width": 222
              },
              {
                "active": 0,
                "children": [
                  "assets"
                ],
                "height": 431,
                "type": "panel",
                "width": 222
              }
            ],
            "height": 831,
            "type": "dock-v",
            "width": 222
          },
          {
            "children": [
              {
                "children": [
                  {
                    "active": 0,
                    "children": [
                      "scene"
                    ],
                    "height": 423.984375,
                    "type": "panel",
                    "width": 476.96875
                  },
                  {
                    "active": 0,
                    "children": [
                      "node-library"
                    ],
                    "height": 423.984375,
                    "type": "panel",
                    "width": 264
                  }
                ],
                "height": 423.984375,
                "type": "dock-h",
                "width": 743.984375
              },
              {
                "active": 1,
                "children": [
                  "console",
                  "timeline"
                ],
                "height": 404,
                "type": "panel",
                "width": 743.984375
              }
            ],
            "height": 831,
            "type": "dock-v",
            "width": 743.984375
          },
          {
            "active": 0,
            "children": [
              "inspector"
            ],
            "height": 831,
            "type": "panel",
            "width": 446
          }
        ],
        "type": "dock-h"
      },
      "panels": [
        "hierarchy",
        "assets",
        "scene",
        "node-library",
        "console",
        "timeline",
        "inspector"
      ]
    }
  },
  "panels": {
    "sprite-editor": {
      "x": 710,
      "y": 227,
      "width": 500,
      "height": 522
    },
    "project-settings": {
      "x": 442,
      "y": 501,
      "width": 584,
      "height": 554
    }
  },
  "panelLabelWidth.inspector": null,
  "panelLabelWidth": {
    "inspector": null,
    "builder": null
  },
  "panelLabelWidth.builder": null
}
