{
  "title": "suibo_chess",
  "packageName": "",
  "startScene": "ce440995-596c-4b12-83ed-d2c595749ff8",
  "excludeScenes": [],
  "includeSDKBox": false,
  "orientation": {
    "landscapeLeft": true,
    "landscapeRight": true,
    "portrait": false,
    "upsideDown": false
  },
  "webOrientation": "auto",
  "inlineSpriteFrames": true,
  "inlineSpriteFrames_native": true,
  "mergeStartScene": false,
  "optimizeHotUpdate": false,
  "md5Cache": false,
  "encryptJs": true,
  "xxteaKey": "9a26f171-fa95-4e",
  "zipCompressJs": true,
  "fb-instant-games": {},
  "android": {
    "packageName": ""
  },
  "ios": {
    "packageName": ""
  },
  "mac": {
    "packageName": ""
  },
  "win32": {},
  "android-instant": {
    "REMOTE_SERVER_ROOT": "",
    "host": "",
    "packageName": "",
    "pathPattern": "",
    "recordPath": "",
    "scheme": "https",
    "skipRecord": false
  },
  "appBundle": false
}
