{
  "f8e6b000-5643-4b86-9080-aa680ce1f599": {
    "asset": 1565350157241,
    "meta": 1562606746000,
    "relativePath": "image"
  },
  "71561142-4c83-4933-afca-cb7a17f67053": {
    "asset": 1562606746000,
    "meta": 1570871817863,
    "relativePath": "image\\default_btn_disabled.png"
  },
  "e851e89b-faa2-4484-bea6-5c01dd9f06e2": {
    "asset": 1562606746000,
    "meta": 1570871817868,
    "relativePath": "image\\default_btn_normal.png"
  },
  "b43ff3c2-02bb-4874-81f7-f2dea6970f18": {
    "asset": 1562606746000,
    "meta": 1570871817878,
    "relativePath": "image\\default_btn_pressed.png"
  },
  "edd215b9-2796-4a05-aaf5-81f96c9281ce": {
    "asset": 1562606746000,
    "meta": 1570871817880,
    "relativePath": "image\\default_editbox_bg.png"
  },
  "d81ec8ad-247c-4e62-aa3c-d35c4193c7af": {
    "asset": 1562606746000,
    "meta": 1570871817888,
    "relativePath": "image\\default_panel.png"
  },
  "99170b0b-d210-46f1-b213-7d9e3f23098a": {
    "asset": 1562606746000,
    "meta": 1570871817890,
    "relativePath": "image\\default_progressbar_bg.png"
  },
  "cfef78f1-c8df-49b7-8ed0-4c953ace2621": {
    "asset": 1562606746000,
    "meta": 1570871817901,
    "relativePath": "image\\default_progressbar.png"
  },
  "567dcd80-8bf4-4535-8a5a-313f1caf078a": {
    "asset": 1562606746000,
    "meta": 1570871817904,
    "relativePath": "image\\default_radio_button_off.png"
  },
  "9d60001f-b5f4-4726-a629-2659e3ded0b8": {
    "asset": 1562606746000,
    "meta": 1570871817913,
    "relativePath": "image\\default_radio_button_on.png"
  },
  "4bab67cb-18e6-4099-b840-355f0473f890": {
    "asset": 1562606746000,
    "meta": 1570871817915,
    "relativePath": "image\\default_scrollbar_bg.png"
  },
  "617323dd-11f4-4dd3-8eec-0caf6b3b45b9": {
    "asset": 1562606746000,
    "meta": 1570871817925,
    "relativePath": "image\\default_scrollbar_vertical_bg.png"
  },
  "d6d3ca85-4681-47c1-b5dd-d036a9d39ea2": {
    "asset": 1562606746000,
    "meta": 1570871817927,
    "relativePath": "image\\default_scrollbar_vertical.png"
  },
  "0291c134-b3da-4098-b7b5-e397edbe947f": {
    "asset": 1562606746000,
    "meta": 1570871817935,
    "relativePath": "image\\default_scrollbar.png"
  },
  "0275e94c-56a7-410f-bd1a-fc7483f7d14a": {
    "asset": 1562606746000,
    "meta": 1570871817937,
    "relativePath": "image\\default_sprite_splash.png"
  },
  "73a0903d-d80e-4e3c-aa67-f999543c08f5": {
    "asset": 1562606746000,
    "meta": 1570871817948,
    "relativePath": "image\\default_toggle_checkmark.png"
  },
  "6e056173-d285-473c-b206-40a7fff5386e": {
    "asset": 1562606746000,
    "meta": 1570871817949,
    "relativePath": "image\\default_sprite.png"
  },
  "c25b9d50-c8fc-4d27-beeb-6e7c1f2e5c0f": {
    "asset": 1562606746000,
    "meta": 1570871817965,
    "relativePath": "image\\default_toggle_disabled.png"
  },
  "d29077ba-1627-4a72-9579-7b56a235340c": {
    "asset": 1562606746000,
    "meta": 1570871817968,
    "relativePath": "image\\default_toggle_normal.png"
  },
  "fc09f9bd-2cce-4605-b630-8145ef809ed6": {
    "asset": 1565350157259,
    "meta": 1562606746000,
    "relativePath": "misc"
  },
  "2be36297-9abb-4fee-8049-9ed5e271da8a": {
    "asset": 1562606746000,
    "meta": 1570871817974,
    "relativePath": "misc\\default_video.mp4"
  },
  "f6e6dd15-71d1-4ffe-ace7-24fd39942c05": {
    "asset": 1565350157287,
    "meta": 1562606746000,
    "relativePath": "obsolete"
  },
  "b181c1e4-0a72-4a91-bfb0-ae6f36ca60bd": {
    "asset": 1562606746000,
    "meta": 1570871817979,
    "relativePath": "image\\default_toggle_pressed.png"
  },
  "f743d2b6-b7ea-4c14-a55b-547ed4d0a045": {
    "asset": 1565350157312,
    "meta": 1562606746000,
    "relativePath": "particle"
  },
  "b8223619-7e38-47c4-841f-9160c232495a": {
    "asset": 1562606746000,
    "meta": 1570871818065,
    "relativePath": "obsolete\\atom.plist"
  },
  "b2687ac4-099e-403c-a192-ff477686f4f5": {
    "asset": 1562606746000,
    "meta": 1570871818065,
    "relativePath": "particle\\atom.plist"
  },
  "8a96b965-2dc0-4e03-aa90-3b79cb93b5b4": {
    "asset": 1562606746000,
    "meta": 1570871817990,
    "relativePath": "obsolete\\atom.png"
  },
  "ae6c6c98-11e4-452f-8758-75f5c6a56e83": {
    "asset": 1565350157506,
    "meta": 1562606746000,
    "relativePath": "prefab"
  },
  "d0a82d39-bede-46c4-b698-c81ff0dedfff": {
    "asset": 1562606746000,
    "meta": 1570871817994,
    "relativePath": "particle\\atom.png"
  },
  "972b9a4d-47ee-4c74-b5c3-61d8a69bc29f": {
    "asset": 1562606746000,
    "meta": 1570871817998,
    "relativePath": "prefab\\button.prefab"
  },
  "2c937608-2562-40ea-b264-7395df6f0cea": {
    "asset": 1562606746000,
    "meta": 1570871817999,
    "relativePath": "prefab\\canvas.prefab"
  },
  "61aeb05b-3b32-452b-8eed-2b76deeed554": {
    "asset": 1562606746000,
    "meta": 1570871818002,
    "relativePath": "prefab\\editbox.prefab"
  },
  "27756ebb-3d33-44b0-9b96-e858fadd4dd4": {
    "asset": 1562606746000,
    "meta": 1570871818002,
    "relativePath": "prefab\\label.prefab"
  },
  "785a442c-3ceb-45be-a46e-7317f625f3b9": {
    "asset": 1562606746000,
    "meta": 1570871818005,
    "relativePath": "prefab\\layout.prefab"
  },
  "ca8401fe-ad6e-41a8-bd46-8e3e4e9945be": {
    "asset": 1562606746000,
    "meta": 1570871818006,
    "relativePath": "prefab\\pageview.prefab"
  },
  "cd33edea-55f5-46c2-958d-357a01384a36": {
    "asset": 1562606746000,
    "meta": 1570871818010,
    "relativePath": "prefab\\particlesystem.prefab"
  },
  "5965ffac-69da-4b55-bcde-9225d0613c28": {
    "asset": 1562606746000,
    "meta": 1570871818011,
    "relativePath": "prefab\\progressBar.prefab"
  },
  "32044bd2-481f-4cf1-a656-e2b2fb1594eb": {
    "asset": 1562606746000,
    "meta": 1570871818017,
    "relativePath": "prefab\\scrollview.prefab"
  },
  "4a37dd57-78cd-4cec-aad4-f11a73d12b63": {
    "asset": 1562606746000,
    "meta": 1570871818018,
    "relativePath": "prefab\\richtext.prefab"
  },
  "0004d1cf-a0ad-47d8-ab17-34d3db9d35a3": {
    "asset": 1562606746000,
    "meta": 1570871818021,
    "relativePath": "prefab\\slider.prefab"
  },
  "1f55e3be-b89b-4b79-88de-47fd31018044": {
    "asset": 1562606746000,
    "meta": 1570871818021,
    "relativePath": "prefab\\sprite_splash.prefab"
  },
  "96083d03-c332-4a3f-9386-d03e2d19e8ee": {
    "asset": 1562606746000,
    "meta": 1570871818024,
    "relativePath": "prefab\\sprite.prefab"
  },
  "7de03a80-4457-438d-95a7-3e7cdffd6086": {
    "asset": 1562606746000,
    "meta": 1570871818025,
    "relativePath": "prefab\\tiledmap.prefab"
  },
  "0e42ba95-1fa1-46aa-b2cf-143cd1bcee2c": {
    "asset": 1562606746000,
    "meta": 1570871818029,
    "relativePath": "prefab\\tiledtile.prefab"
  },
  "0d784963-d024-4ea6-a7db-03be0ad63010": {
    "asset": 1562606746000,
    "meta": 1570871818029,
    "relativePath": "prefab\\toggle.prefab"
  },
  "bf0a434c-84dd-4a8e-a08a-7a36f180cc75": {
    "asset": 1562606746000,
    "meta": 1570871818033,
    "relativePath": "prefab\\toggleContainer.prefab"
  },
  "d1b8be49-b0a0-435c-83b7-552bed4bbe35": {
    "asset": 1562606746000,
    "meta": 1570871818033,
    "relativePath": "prefab\\toggleGroup.prefab"
  },
  "232d2782-c4bd-4bb4-9e01-909f03d6d3b9": {
    "asset": 1562606746000,
    "meta": 1570871818036,
    "relativePath": "prefab\\videoplayer.prefab"
  },
  "8c5001fd-07ee-4a4b-a8a0-63e15195e94d": {
    "asset": 1562606746000,
    "meta": 1570871818036,
    "relativePath": "prefab\\webview.prefab"
  },
  "7b81d4e8-ec84-4716-968d-500ac1d78a54": {
    "asset": 1570873173473,
    "meta": 1570871810986,
    "relativePath": "resources"
  },
  "5866100f-b8b6-4649-a94d-e2fe02cf798e": {
    "asset": 1570871886442,
    "meta": 1570871833305,
    "relativePath": "scripts"
  },
  "beca801b-0625-4165-acc6-e148b057523b": {
    "asset": 1570871833306,
    "meta": 1570871833305,
    "relativePath": "scripts\\base"
  },
  "bc2c80e8-05bd-48d8-af77-2ea45d265191": {
    "asset": 1570871833309,
    "meta": 1570871833306,
    "relativePath": "scripts\\base\\components"
  },
  "39d0fd78-2a0d-44c9-b815-ef1e8befb2ae": {
    "asset": 1570871833307,
    "meta": 1570871833306,
    "relativePath": "scripts\\base\\components\\_lib"
  },
  "3736734b-96db-4e4f-ada9-f6c5c9876007": {
    "asset": 1570871833308,
    "meta": 1570871833307,
    "relativePath": "scripts\\base\\components\\_lib\\gif"
  },
  "e054fd77-c2fa-4dad-938e-6039326bee98": {
    "asset": 1570871833300,
    "meta": 1570871833627,
    "relativePath": "scripts\\base\\components\\_lib\\gif\\LZW.ts"
  },
  "e8fd29a7-79f7-432c-a654-7c0a5818827d": {
    "asset": 1570871864851,
    "meta": 1570871864863,
    "relativePath": "resources\\gif_earth.binary"
  },
  "81a7fc1f-2c0f-47bc-8c5d-2d969baf9394": {
    "asset": 1570873325928,
    "meta": 1570873325940,
    "relativePath": "New Scene.fire"
  },
  "52eed06c-8eba-41ac-a3ad-70dc637495e1": {
    "asset": 1570872421638,
    "meta": 1570872427831,
    "relativePath": "scripts\\base\\components\\_lib\\gif\\GIF.ts"
  },
  "0302b87d-c5d6-46b0-9d13-526c2cc7cb65": {
    "asset": 1570872813573,
    "meta": 1570872825175,
    "relativePath": "scripts\\base\\components\\GIFSprite.ts"
  },
  "fba3ae2d-9db8-4bcb-a9c9-861c4c2c2409": {
    "asset": 1570873109894,
    "meta": 1570873109904,
    "relativePath": "resources\\gif_mouse.binary"
  },
  "5d570ca6-6839-4180-972c-4f45ea4aa4aa": {
    "asset": 1570873169706,
    "meta": 1570873173493,
    "relativePath": "resources\\gif文件后缀改为.binary.text"
  }
}