{
  "projectPath": "/Users/coder/Desktop/demo/mobile/ChessH5/AiChess-creator-master",
  "mtimes": {
    "95df24bc-e2f6-4513-bdfb-c4f93b534b23": {
      "assetMtime": 1631690900785,
      "metaMtime": 1631690914663
    },
    "0e1384c3-cf3b-4af7-b475-352c4625cde0": {
      "assetMtime": 1535511805000,
      "metaMtime": 1630588556114
    },
    "94b576b9-dc29-475b-8d47-ca4309d5406e": {
      "assetMtime": 1535511805000,
      "metaMtime": 1630588555923
    },
    "11ac348b-bb33-438f-9484-dc71c46e4267": {
      "assetMtime": 1535511805000,
      "metaMtime": 1630588555923
    },
    "15b8121d-0458-4151-a895-ead1b35626b1": {
      "assetMtime": 1535511805000,
      "metaMtime": 1630588556114
    },
    "1ed580a7-ab5a-4034-bf21-16170ffe5ef0": {
      "assetMtime": 1631680624565,
      "metaMtime": 1631686334234
    },
    "c62a905b-4254-48e7-8cd0-789b4e7709eb": {
      "assetMtime": 1631680624565,
      "metaMtime": 1631686334234
    },
    "2e005bdb-2ad2-4f84-9df8-20a34e9a661c": {
      "assetMtime": 1535511805000,
      "metaMtime": 1630588556114
    },
    "45c18458-6331-40bb-87a9-cf25df02bf98": {
      "assetMtime": 1535511805000,
      "metaMtime": 1630588556114
    },
    "6114697c-9cef-479c-9d1c-be654b4b5ac3": {
      "assetMtime": 1535511805000,
      "metaMtime": 1630588556114
    },
    "6230ab11-9a9e-4ec9-8473-df55359bbbdc": {
      "assetMtime": 1535511805000,
      "metaMtime": 1630588556114
    },
    "703369c0-5317-4344-a91c-18fc8882fa76": {
      "assetMtime": 1535511805000,
      "metaMtime": 1630588556114
    },
    "93df625e-bf2f-49c6-8488-e0b8b5df290f": {
      "assetMtime": 1535511805000,
      "metaMtime": 1630588556114
    },
    "add6f118-a3b6-4ab9-a2b1-df1b9faee539": {
      "assetMtime": 1535511805000,
      "metaMtime": 1630588556114
    },
    "d7cefcf7-cfc5-480b-b8db-b9885e5e022d": {
      "assetMtime": 1535511805000,
      "metaMtime": 1630588556114
    },
    "dad86619-be55-48d1-af65-ecc9c6bd5776": {
      "assetMtime": 1535511805000,
      "metaMtime": 1630588556114
    },
    "ddaaabad-63e0-49b2-8677-fd77791cfb5e": {
      "assetMtime": 1535511805000,
      "metaMtime": 1630588556114
    },
    "df120110-979e-4fd9-b7cb-a86f7611669f": {
      "assetMtime": 1535511805000,
      "metaMtime": 1630588556114
    },
    "e91cc7ed-07f9-41cf-bee5-65240fd611cb": {
      "assetMtime": 1535511805000,
      "metaMtime": 1630588556114
    },
    "eee25dfe-9729-4302-a6d1-4a6e44c03c07": {
      "assetMtime": 1535511805000,
      "metaMtime": 1630588555929
    },
    "3c067a0d-d462-42b8-9b66-f50282bc225d": {
      "assetMtime": 1535511805000,
      "metaMtime": 1630588555929
    }
  },
  "result": {
    "name": "dots",
    "width": 1024,
    "height": 1024,
    "ver": "1.2.0",
    "uuid": "95df24bc-e2f6-4513-bdfb-c4f93b534b23",
    "maxWidth": 1024,
    "maxHeight": 1024,
    "padding": 2,
    "allowRotation": true,
    "forceSquared": false,
    "powerOfTwo": false,
    "algorithm": "MaxRects",
    "format": "png",
    "quality": 80,
    "contourBleed": true,
    "paddingBleed": true,
    "filterUnused": false,
    "packable": false,
    "premultiplyAlpha": false,
    "filterMode": "bilinear",
    "platformSettings": {},
    "subMetas": {},
    "bleed": 1,
    "atlases": [
      {
        "files": [
          {
            "name": "board",
            "uuid": "eee25dfe-9729-4302-a6d1-4a6e44c03c07",
            "textureUuid": "3c067a0d-d462-42b8-9b66-f50282bc225d",
            "path": "/Users/coder/Desktop/demo/mobile/ChessH5/AiChess-creator-master/temp/trimImages/spritesheet_js_1631690958221_image_16.png",
            "trim": {
              "x": 3,
              "y": 3,
              "width": 720,
              "height": 800,
              "rotatedWidth": 720,
              "rotatedHeight": 800
            },
            "rawWidth": 720,
            "rawHeight": 800,
            "width": 726,
            "height": 806,
            "originalPath": "/Users/coder/Desktop/demo/mobile/ChessH5/AiChess-creator-master/library/imports/3c/3c067a0d-d462-42b8-9b66-f50282bc225d.png",
            "x": 0,
            "y": 0,
            "rotatedWidth": 726,
            "rotatedHeight": 806
          },
          {
            "name": "pieces",
            "uuid": "11ac348b-bb33-438f-9484-dc71c46e4267",
            "textureUuid": "94b576b9-dc29-475b-8d47-ca4309d5406e",
            "path": "/Users/coder/Desktop/demo/mobile/ChessH5/AiChess-creator-master/temp/trimImages/spritesheet_js_1631690958220_image_1.png",
            "trim": {
              "x": 3,
              "y": 809,
              "width": 199,
              "height": 400,
              "rotatedWidth": 400,
              "rotatedHeight": 199
            },
            "rawWidth": 256,
            "rawHeight": 512,
            "width": 205,
            "height": 406,
            "originalPath": "/Users/coder/Desktop/demo/mobile/ChessH5/AiChess-creator-master/library/imports/94/94b576b9-dc29-475b-8d47-ca4309d5406e.png",
            "x": 0,
            "y": 806,
            "rotated": true,
            "rotatedWidth": 406,
            "rotatedHeight": 205
          },
          {
            "name": "black_shi",
            "uuid": "0e1384c3-cf3b-4af7-b475-352c4625cde0",
            "textureUuid": "94b576b9-dc29-475b-8d47-ca4309d5406e",
            "path": "/Users/coder/Desktop/demo/mobile/ChessH5/AiChess-creator-master/temp/trimImages/spritesheet_js_1631690958219_image_0.png",
            "trim": {
              "x": 409,
              "y": 809,
              "width": 65,
              "height": 65,
              "rotatedWidth": 65,
              "rotatedHeight": 65
            },
            "rawWidth": 65,
            "rawHeight": 65,
            "width": 71,
            "height": 71,
            "originalPath": "/Users/coder/Desktop/demo/mobile/ChessH5/AiChess-creator-master/library/imports/94/94b576b9-dc29-475b-8d47-ca4309d5406e.png",
            "x": 406,
            "y": 806,
            "rotatedWidth": 71,
            "rotatedHeight": 71
          },
          {
            "name": "black_bing",
            "uuid": "15b8121d-0458-4151-a895-ead1b35626b1",
            "textureUuid": "94b576b9-dc29-475b-8d47-ca4309d5406e",
            "path": "/Users/coder/Desktop/demo/mobile/ChessH5/AiChess-creator-master/temp/trimImages/spritesheet_js_1631690958220_image_2.png",
            "trim": {
              "x": 480,
              "y": 809,
              "width": 65,
              "height": 65,
              "rotatedWidth": 65,
              "rotatedHeight": 65
            },
            "rawWidth": 65,
            "rawHeight": 65,
            "width": 71,
            "height": 71,
            "originalPath": "/Users/coder/Desktop/demo/mobile/ChessH5/AiChess-creator-master/library/imports/94/94b576b9-dc29-475b-8d47-ca4309d5406e.png",
            "x": 477,
            "y": 806,
            "rotatedWidth": 71,
            "rotatedHeight": 71
          },
          {
            "name": "black_che",
            "uuid": "2e005bdb-2ad2-4f84-9df8-20a34e9a661c",
            "textureUuid": "94b576b9-dc29-475b-8d47-ca4309d5406e",
            "path": "/Users/coder/Desktop/demo/mobile/ChessH5/AiChess-creator-master/temp/trimImages/spritesheet_js_1631690958220_image_4.png",
            "trim": {
              "x": 551,
              "y": 809,
              "width": 65,
              "height": 65,
              "rotatedWidth": 65,
              "rotatedHeight": 65
            },
            "rawWidth": 65,
            "rawHeight": 65,
            "width": 71,
            "height": 71,
            "originalPath": "/Users/coder/Desktop/demo/mobile/ChessH5/AiChess-creator-master/library/imports/94/94b576b9-dc29-475b-8d47-ca4309d5406e.png",
            "x": 548,
            "y": 806,
            "rotatedWidth": 71,
            "rotatedHeight": 71
          },
          {
            "name": "red_che",
            "uuid": "45c18458-6331-40bb-87a9-cf25df02bf98",
            "textureUuid": "94b576b9-dc29-475b-8d47-ca4309d5406e",
            "path": "/Users/coder/Desktop/demo/mobile/ChessH5/AiChess-creator-master/temp/trimImages/spritesheet_js_1631690958220_image_5.png",
            "trim": {
              "x": 622,
              "y": 809,
              "width": 65,
              "height": 65,
              "rotatedWidth": 65,
              "rotatedHeight": 65
            },
            "rawWidth": 65,
            "rawHeight": 65,
            "width": 71,
            "height": 71,
            "originalPath": "/Users/coder/Desktop/demo/mobile/ChessH5/AiChess-creator-master/library/imports/94/94b576b9-dc29-475b-8d47-ca4309d5406e.png",
            "x": 619,
            "y": 806,
            "rotatedWidth": 71,
            "rotatedHeight": 71
          },
          {
            "name": "red_shi",
            "uuid": "6114697c-9cef-479c-9d1c-be654b4b5ac3",
            "textureUuid": "94b576b9-dc29-475b-8d47-ca4309d5406e",
            "path": "/Users/coder/Desktop/demo/mobile/ChessH5/AiChess-creator-master/temp/trimImages/spritesheet_js_1631690958220_image_6.png",
            "trim": {
              "x": 693,
              "y": 809,
              "width": 65,
              "height": 65,
              "rotatedWidth": 65,
              "rotatedHeight": 65
            },
            "rawWidth": 65,
            "rawHeight": 65,
            "width": 71,
            "height": 71,
            "originalPath": "/Users/coder/Desktop/demo/mobile/ChessH5/AiChess-creator-master/library/imports/94/94b576b9-dc29-475b-8d47-ca4309d5406e.png",
            "x": 690,
            "y": 806,
            "rotatedWidth": 71,
            "rotatedHeight": 71
          },
          {
            "name": "red_pao",
            "uuid": "6230ab11-9a9e-4ec9-8473-df55359bbbdc",
            "textureUuid": "94b576b9-dc29-475b-8d47-ca4309d5406e",
            "path": "/Users/coder/Desktop/demo/mobile/ChessH5/AiChess-creator-master/temp/trimImages/spritesheet_js_1631690958220_image_7.png",
            "trim": {
              "x": 409,
              "y": 880,
              "width": 65,
              "height": 65,
              "rotatedWidth": 65,
              "rotatedHeight": 65
            },
            "rawWidth": 65,
            "rawHeight": 65,
            "width": 71,
            "height": 71,
            "originalPath": "/Users/coder/Desktop/demo/mobile/ChessH5/AiChess-creator-master/library/imports/94/94b576b9-dc29-475b-8d47-ca4309d5406e.png",
            "x": 406,
            "y": 877,
            "rotatedWidth": 71,
            "rotatedHeight": 71
          },
          {
            "name": "black_jiang",
            "uuid": "703369c0-5317-4344-a91c-18fc8882fa76",
            "textureUuid": "94b576b9-dc29-475b-8d47-ca4309d5406e",
            "path": "/Users/coder/Desktop/demo/mobile/ChessH5/AiChess-creator-master/temp/trimImages/spritesheet_js_1631690958220_image_8.png",
            "trim": {
              "x": 480,
              "y": 880,
              "width": 65,
              "height": 65,
              "rotatedWidth": 65,
              "rotatedHeight": 65
            },
            "rawWidth": 65,
            "rawHeight": 65,
            "width": 71,
            "height": 71,
            "originalPath": "/Users/coder/Desktop/demo/mobile/ChessH5/AiChess-creator-master/library/imports/94/94b576b9-dc29-475b-8d47-ca4309d5406e.png",
            "x": 477,
            "y": 877,
            "rotatedWidth": 71,
            "rotatedHeight": 71
          },
          {
            "name": "black_pao",
            "uuid": "93df625e-bf2f-49c6-8488-e0b8b5df290f",
            "textureUuid": "94b576b9-dc29-475b-8d47-ca4309d5406e",
            "path": "/Users/coder/Desktop/demo/mobile/ChessH5/AiChess-creator-master/temp/trimImages/spritesheet_js_1631690958221_image_9.png",
            "trim": {
              "x": 551,
              "y": 880,
              "width": 65,
              "height": 65,
              "rotatedWidth": 65,
              "rotatedHeight": 65
            },
            "rawWidth": 65,
            "rawHeight": 65,
            "width": 71,
            "height": 71,
            "originalPath": "/Users/coder/Desktop/demo/mobile/ChessH5/AiChess-creator-master/library/imports/94/94b576b9-dc29-475b-8d47-ca4309d5406e.png",
            "x": 548,
            "y": 877,
            "rotatedWidth": 71,
            "rotatedHeight": 71
          },
          {
            "name": "red_bing",
            "uuid": "add6f118-a3b6-4ab9-a2b1-df1b9faee539",
            "textureUuid": "94b576b9-dc29-475b-8d47-ca4309d5406e",
            "path": "/Users/coder/Desktop/demo/mobile/ChessH5/AiChess-creator-master/temp/trimImages/spritesheet_js_1631690958221_image_10.png",
            "trim": {
              "x": 622,
              "y": 880,
              "width": 65,
              "height": 65,
              "rotatedWidth": 65,
              "rotatedHeight": 65
            },
            "rawWidth": 65,
            "rawHeight": 65,
            "width": 71,
            "height": 71,
            "originalPath": "/Users/coder/Desktop/demo/mobile/ChessH5/AiChess-creator-master/library/imports/94/94b576b9-dc29-475b-8d47-ca4309d5406e.png",
            "x": 619,
            "y": 877,
            "rotatedWidth": 71,
            "rotatedHeight": 71
          },
          {
            "name": "red_jiang",
            "uuid": "d7cefcf7-cfc5-480b-b8db-b9885e5e022d",
            "textureUuid": "94b576b9-dc29-475b-8d47-ca4309d5406e",
            "path": "/Users/coder/Desktop/demo/mobile/ChessH5/AiChess-creator-master/temp/trimImages/spritesheet_js_1631690958221_image_11.png",
            "trim": {
              "x": 693,
              "y": 880,
              "width": 65,
              "height": 65,
              "rotatedWidth": 65,
              "rotatedHeight": 65
            },
            "rawWidth": 65,
            "rawHeight": 65,
            "width": 71,
            "height": 71,
            "originalPath": "/Users/coder/Desktop/demo/mobile/ChessH5/AiChess-creator-master/library/imports/94/94b576b9-dc29-475b-8d47-ca4309d5406e.png",
            "x": 690,
            "y": 877,
            "rotatedWidth": 71,
            "rotatedHeight": 71
          },
          {
            "name": "red_ma",
            "uuid": "dad86619-be55-48d1-af65-ecc9c6bd5776",
            "textureUuid": "94b576b9-dc29-475b-8d47-ca4309d5406e",
            "path": "/Users/coder/Desktop/demo/mobile/ChessH5/AiChess-creator-master/temp/trimImages/spritesheet_js_1631690958221_image_12.png",
            "trim": {
              "x": 409,
              "y": 951,
              "width": 65,
              "height": 65,
              "rotatedWidth": 65,
              "rotatedHeight": 65
            },
            "rawWidth": 65,
            "rawHeight": 65,
            "width": 71,
            "height": 71,
            "originalPath": "/Users/coder/Desktop/demo/mobile/ChessH5/AiChess-creator-master/library/imports/94/94b576b9-dc29-475b-8d47-ca4309d5406e.png",
            "x": 406,
            "y": 948,
            "rotatedWidth": 71,
            "rotatedHeight": 71
          },
          {
            "name": "black_ma",
            "uuid": "ddaaabad-63e0-49b2-8677-fd77791cfb5e",
            "textureUuid": "94b576b9-dc29-475b-8d47-ca4309d5406e",
            "path": "/Users/coder/Desktop/demo/mobile/ChessH5/AiChess-creator-master/temp/trimImages/spritesheet_js_1631690958221_image_13.png",
            "trim": {
              "x": 480,
              "y": 951,
              "width": 65,
              "height": 65,
              "rotatedWidth": 65,
              "rotatedHeight": 65
            },
            "rawWidth": 65,
            "rawHeight": 65,
            "width": 71,
            "height": 71,
            "originalPath": "/Users/coder/Desktop/demo/mobile/ChessH5/AiChess-creator-master/library/imports/94/94b576b9-dc29-475b-8d47-ca4309d5406e.png",
            "x": 477,
            "y": 948,
            "rotatedWidth": 71,
            "rotatedHeight": 71
          },
          {
            "name": "red_xiang",
            "uuid": "df120110-979e-4fd9-b7cb-a86f7611669f",
            "textureUuid": "94b576b9-dc29-475b-8d47-ca4309d5406e",
            "path": "/Users/coder/Desktop/demo/mobile/ChessH5/AiChess-creator-master/temp/trimImages/spritesheet_js_1631690958221_image_14.png",
            "trim": {
              "x": 551,
              "y": 951,
              "width": 65,
              "height": 65,
              "rotatedWidth": 65,
              "rotatedHeight": 65
            },
            "rawWidth": 65,
            "rawHeight": 65,
            "width": 71,
            "height": 71,
            "originalPath": "/Users/coder/Desktop/demo/mobile/ChessH5/AiChess-creator-master/library/imports/94/94b576b9-dc29-475b-8d47-ca4309d5406e.png",
            "x": 548,
            "y": 948,
            "rotatedWidth": 71,
            "rotatedHeight": 71
          },
          {
            "name": "black_xiang",
            "uuid": "e91cc7ed-07f9-41cf-bee5-65240fd611cb",
            "textureUuid": "94b576b9-dc29-475b-8d47-ca4309d5406e",
            "path": "/Users/coder/Desktop/demo/mobile/ChessH5/AiChess-creator-master/temp/trimImages/spritesheet_js_1631690958221_image_15.png",
            "trim": {
              "x": 622,
              "y": 951,
              "width": 65,
              "height": 65,
              "rotatedWidth": 65,
              "rotatedHeight": 65
            },
            "rawWidth": 65,
            "rawHeight": 65,
            "width": 71,
            "height": 71,
            "originalPath": "/Users/coder/Desktop/demo/mobile/ChessH5/AiChess-creator-master/library/imports/94/94b576b9-dc29-475b-8d47-ca4309d5406e.png",
            "x": 619,
            "y": 948,
            "rotatedWidth": 71,
            "rotatedHeight": 71
          },
          {
            "name": "dot",
            "uuid": "1ed580a7-ab5a-4034-bf21-16170ffe5ef0",
            "textureUuid": "c62a905b-4254-48e7-8cd0-789b4e7709eb",
            "path": "/Users/coder/Desktop/demo/mobile/ChessH5/AiChess-creator-master/temp/trimImages/spritesheet_js_1631690958220_image_3.png",
            "trim": {
              "x": 693,
              "y": 951,
              "width": 6,
              "height": 6,
              "rotatedWidth": 6,
              "rotatedHeight": 6
            },
            "rawWidth": 16,
            "rawHeight": 16,
            "width": 12,
            "height": 12,
            "originalPath": "/Users/coder/Desktop/demo/mobile/ChessH5/AiChess-creator-master/library/imports/c6/c62a905b-4254-48e7-8cd0-789b4e7709eb.png",
            "x": 690,
            "y": 948,
            "rotatedWidth": 12,
            "rotatedHeight": 12
          }
        ],
        "width": 761,
        "height": 1019,
        "name": "dots-1",
        "imagePath": "/Users/coder/Desktop/demo/mobile/ChessH5/AiChess-creator-master/temp/TexturePacker/preview/resources/dots.pac/dots-1.png"
      }
    ],
    "unpackedTextures": []
  }
}